﻿TYPEFR;TYPEDUT;TYPEENG;ADRVOISFR;ADRVOISNL;Z_PCDD_FR;Z_PCDD_NL;Z_PCDD;WGS84_LONG;WGS84_LAT;WGS84_LALO
BORNES_RECHARGE;LAADPALEN;RECHARGING_TERMINAL;164, Rue du Pannenhuys;164, Pannenhuisstraat;;;;4.3258460053041174;50.869304996178094;50.869304996178094, 4.3258460053041174
BORNES_RECHARGE;LAADPALEN;RECHARGING_TERMINAL;99, Rue du Noyer;99, Notelaarsstraat;;;;4.39776299411326;50.85465599949133;50.85465599949133, 4.39776299411326
BORNES_RECHARGE;LAADPALEN;RECHARGING_TERMINAL;142, Boulevard du Midi;142, Zuidlaan;;;;4.327917005030825;50.82409699973147;50.82409699973147, 4.327917005030825
BORNES_RECHARGE;LAADPALEN;RECHARGING_TERMINAL;117, Rue Claessens;117, Claessensstraat;Laeken;Laken;Laeken / Laken;4.352671998839071;50.87082999567286;50.87082999567286, 4.352671998839071
BORNES_RECHARGE;LAADPALEN;RECHARGING_TERMINAL;8, Boulevard du Roi Albert II;8, Koning Albert II laan;;;;4.358006003885484;50.8575999983105;50.8575999983105, 4.358006003885484
BORNES_RECHARGE;LAADPALEN;RECHARGING_TERMINAL;130A, Chaussée de La Hulpe;130A, Terhulpsesteenweg;;;;4.424982006978247;50.78641500038854;50.78641500038854, 4.424982006978247
BORNES_RECHARGE;LAADPALEN;RECHARGING_TERMINAL;24, Avenue des Scarabées;24, Keverslaan;;;;4.400538999777217;50.810707998112186;50.810707998112186, 4.400538999777217
BORNES_RECHARGE;LAADPALEN;RECHARGING_TERMINAL;18, Drève du Parc;18, Parkdreef;;;;4.3271130018977075;50.866920999657275;50.866920999657275, 4.3271130018977075
BORNES_RECHARGE;LAADPALEN;RECHARGING_TERMINAL;41, Rue du Noyer;41, Notelaarsstraat;;;;4.395106006304244;50.854141004094124;50.854141004094124, 4.395106006304244
BORNES_RECHARGE;LAADPALEN;RECHARGING_TERMINAL;12, Parc du Cinquantenaire;12, Jubelpark;;;;4.40304999898552;50.83441099586372;50.83441099586372, 4.40304999898552
BORNES_RECHARGE;LAADPALEN;RECHARGING_TERMINAL;136, Boulevard du Midi;136, Zuidlaan;;;;4.306012999415096;50.82816999697838;50.82816999697838, 4.306012999415096
BORNES_RECHARGE;LAADPALEN;RECHARGING_TERMINAL;93C, Rue Archimède;93C, Archimedesstraat;Nord-Est;Noord-Oost;Nord-Est / Noord-Oost;4.383729994755238;50.84599000407132;50.84599000407132, 4.383729994755238
BORNES_RECHARGE;LAADPALEN;RECHARGING_TERMINAL;205, Rue Belliard;205, Belliardstraat;;;;4.385742999418459;50.8378100041212;50.8378100041212, 4.385742999418459
BORNES_RECHARGE;LAADPALEN;RECHARGING_TERMINAL;60, Rue François-Joseph Navez;60, François-Joseph Navezstraat;;;;4.373838994334867;50.86719499989599;50.86719499989599, 4.373838994334867
BORNES_RECHARGE;LAADPALEN;RECHARGING_TERMINAL;14, Boulevard de Nieuport;14, Nieuwpoortlaan;;;;4.338409995980417;50.85583999643002;50.85583999643002, 4.338409995980417
BORNES_RECHARGE;LAADPALEN;RECHARGING_TERMINAL;3, Avenue du Port;3, Havenlaan;;;;4.346304000950511;50.860510004013804;50.860510004013804, 4.346304000950511
BORNES_RECHARGE;LAADPALEN;RECHARGING_TERMINAL;5, Avenue de Croydon;5, Croydonlaan;;;;4.4211459969091695;50.86314799577172;50.86314799577172, 4.4211459969091695
BORNES_RECHARGE;LAADPALEN;RECHARGING_TERMINAL;1420, Chaussée de Haecht;1420, Haachtsesteenweg;;;;4.403812006257285;50.86622999598352;50.86622999598352, 4.403812006257285
BORNES_RECHARGE;LAADPALEN;RECHARGING_TERMINAL;303, Rue du Noyer;303, Notelaarsstraat;;;;4.417594006113319;50.84569800389389;50.84569800389389, 4.417594006113319
BORNES_RECHARGE;LAADPALEN;RECHARGING_TERMINAL;303, Rue du Noyer;303, Notelaarsstraat;;;;4.424762999218793;50.84795699746929;50.84795699746929, 4.424762999218793
BORNES_RECHARGE;LAADPALEN;RECHARGING_TERMINAL;303, Rue du Noyer;303, Notelaarsstraat;;;;4.426555004970326;50.843060002609555;50.843060002609555, 4.426555004970326
BORNES_RECHARGE;LAADPALEN;RECHARGING_TERMINAL;303, Rue du Noyer;303, Notelaarsstraat;;;;4.411991005788257;50.84359700187765;50.84359700187765, 4.411991005788257
BORNES_RECHARGE;LAADPALEN;RECHARGING_TERMINAL;303, Rue du Noyer;303, Notelaarsstraat;;;;4.415476006359467;50.84438799998115;50.84438799998115, 4.415476006359467
BORNES_RECHARGE;LAADPALEN;RECHARGING_TERMINAL;37, Avenue des Courses;37, Wedrennenlaan;;;;4.379175996263222;50.81445400361614;50.81445400361614, 4.379175996263222
BORNES_RECHARGE;LAADPALEN;RECHARGING_TERMINAL;15M, Place Peter Benoit;15M, Peter Benoitplein;Neder-Over-Heembeek/Mutsaard;Neder-Over-Heembeek/Mutsaard;Neder-Over-Heembeek/Mutsaard;4.387886005044596;50.89688999955517;50.89688999955517, 4.387886005044596
BORNES_RECHARGE;LAADPALEN;RECHARGING_TERMINAL;48, Rue Montagne aux Herbes Potagères;48, Warmoesberg;Pentagone;Vijfhoek;Pentagone / Vijfhoek;4.357081005135071;50.849999996759095;50.849999996759095, 4.357081005135071
BORNES_RECHARGE;LAADPALEN;RECHARGING_TERMINAL;60, Rue François-Joseph Navez;60, François-Joseph Navezstraat;;;;4.380547999063011;50.86538000058432;50.86538000058432, 4.380547999063011
BORNES_RECHARGE;LAADPALEN;RECHARGING_TERMINAL;928, Chaussée de Waterloo;928, Waterloosesteenweg;;;;4.3277790032906225;50.796219998073;50.796219998073, 4.3277790032906225
BORNES_RECHARGE;LAADPALEN;RECHARGING_TERMINAL;1667, Chaussée de Haecht;1667, Haachtsesteenweg;Haren;Haren;Haren;4.423898993778431;50.887845997904755;50.887845997904755, 4.423898993778431
BORNES_RECHARGE;LAADPALEN;RECHARGING_TERMINAL;5, Avenue de Croydon;5, Croydonlaan;;;;4.414180993230685;50.85891499692972;50.85891499692972, 4.414180993230685
BORNES_RECHARGE;LAADPALEN;RECHARGING_TERMINAL;10A, Parc du Cinquantenaire;10A, Jubelpark;;;;4.392378000651168;50.833377997733834;50.833377997733834, 4.392378000651168
BORNES_RECHARGE;LAADPALEN;RECHARGING_TERMINAL;928, Chaussée de Waterloo;928, Waterloosesteenweg;;;;4.335560995827381;50.79635099588341;50.79635099588341, 4.335560995827381
BORNES_RECHARGE;LAADPALEN;RECHARGING_TERMINAL;303, Rue du Noyer;303, Notelaarsstraat;;;;4.4304120020306845;50.84535299674956;50.84535299674956, 4.4304120020306845
BORNES_RECHARGE;LAADPALEN;RECHARGING_TERMINAL;303, Rue du Noyer;303, Notelaarsstraat;;;;4.43313900148214;50.84696999790695;50.84696999790695, 4.43313900148214
BORNES_RECHARGE;LAADPALEN;RECHARGING_TERMINAL;1420, Chaussée de Haecht;1420, Haachtsesteenweg;;;;4.3990200029895155;50.86788099572744;50.86788099572744, 4.3990200029895155
BORNES_RECHARGE;LAADPALEN;RECHARGING_TERMINAL;2, Rue Stephenson;2, Stephensonstraat;;;;4.3689149944817265;50.86839899763176;50.86839899763176, 4.3689149944817265
BORNES_RECHARGE;LAADPALEN;RECHARGING_TERMINAL;10A, Parc du Cinquantenaire;10A, Jubelpark;;;;4.398245994492605;50.829822004314195;50.829822004314195, 4.398245994492605
BORNES_RECHARGE;LAADPALEN;RECHARGING_TERMINAL;212, Avenue Franklin Roosevelt;212, Franklin Rooseveltlaan;Louise;Louiza;Louise / Louiza;4.3906120028150655;50.80137099847631;50.80137099847631, 4.3906120028150655
BORNES_RECHARGE;LAADPALEN;RECHARGING_TERMINAL;26, Rue du Grand Hospice;26, Grootgodshuisstraat;Pentagone;Vijfhoek;Pentagone / Vijfhoek;4.349406999454851;50.85336400312073;50.85336400312073, 4.349406999454851
BORNES_RECHARGE;LAADPALEN;RECHARGING_TERMINAL;11, Rue Jenner;11, Jennerstraat;;;;4.382285003858309;50.832770001095255;50.832770001095255, 4.382285003858309
BORNES_RECHARGE;LAADPALEN;RECHARGING_TERMINAL;303, Rue du Noyer;303, Notelaarsstraat;;;;4.417923003198341;50.84155099705562;50.84155099705562, 4.417923003198341
BORNES_RECHARGE;LAADPALEN;RECHARGING_TERMINAL;42, Avenue Paul Héger;42, Paul Hégerlaan;;;;4.401316000910298;50.81948299842037;50.81948299842037, 4.401316000910298
BORNES_RECHARGE;LAADPALEN;RECHARGING_TERMINAL;164, Rue du Pannenhuys;164, Pannenhuisstraat;;;;4.294446993796035;50.86493500289858;50.86493500289858, 4.294446993796035
BORNES_RECHARGE;LAADPALEN;RECHARGING_TERMINAL;18, Drève du Parc;18, Parkdreef;;;;4.301658993496131;50.86283799999643;50.86283799999643, 4.301658993496131
BORNES_RECHARGE;LAADPALEN;RECHARGING_TERMINAL;89, Boulevard du Midi;89, Zuidlaan;;;;4.340286999093328;50.8373340015395;50.8373340015395, 4.340286999093328
BORNES_RECHARGE;LAADPALEN;RECHARGING_TERMINAL;60, Avenue du Bourget;60, Bourgetlaan;;;;4.454444995489629;50.846217001017834;50.846217001017834, 4.454444995489629
BORNES_RECHARGE;LAADPALEN;RECHARGING_TERMINAL;764, Chaussée de Waterloo;764, Waterloosesteenweg;;;;4.357135996857491;50.81162800180128;50.81162800180128, 4.357135996857491
BORNES_RECHARGE;LAADPALEN;RECHARGING_TERMINAL;5, Avenue de Croydon;5, Croydonlaan;;;;4.4164280039167005;50.862482997483994;50.862482997483994, 4.4164280039167005
BORNES_RECHARGE;LAADPALEN;RECHARGING_TERMINAL;34, Rue du Bailli;34, Baljuwstraat;;;;4.3551279988950835;50.821897996850964;50.821897996850964, 4.3551279988950835
BORNES_RECHARGE;LAADPALEN;RECHARGING_TERMINAL;4, Avenue du Pérou;4, Perulaan;;;;4.420374996317739;50.80772799918224;50.80772799918224, 4.420374996317739
BORNES_RECHARGE;LAADPALEN;RECHARGING_TERMINAL;208, Rue Antoine Dansaert;208, Antoine Dansaertstraat;;;;4.323960995364056;50.859101997781075;50.859101997781075, 4.323960995364056
BORNES_RECHARGE;LAADPALEN;RECHARGING_TERMINAL;8, Rue Van Eyck;8, Van Eyckstraat;;;;4.355378404056704;50.817208366420694;50.817208366420694, 4.355378404056704
BORNES_RECHARGE;LAADPALEN;RECHARGING_TERMINAL;218, Avenue Louise;218, Louizalaan;Louise;Louiza;Louise / Louiza;4.36505400531118;50.826540995762244;50.826540995762244, 4.36505400531118
BORNES_RECHARGE;LAADPALEN;RECHARGING_TERMINAL;10, Avenue de la Chevalerie;10, Ridderschapslaan;;;;4.458019963091274;50.82993605975997;50.82993605975997, 4.458019963091274
BORNES_RECHARGE;LAADPALEN;RECHARGING_TERMINAL;95, Avenue des Coccinelles;95, Lieveheersbeestjeslaan;;;;4.422883920088257;50.80171576417053;50.80171576417053, 4.422883920088257
BORNES_RECHARGE;LAADPALEN;RECHARGING_TERMINAL;60, Avenue du Bourget;60, Bourgetlaan;;;;4.4642509969905175;50.84309500295535;50.84309500295535, 4.4642509969905175
BORNES_RECHARGE;LAADPALEN;RECHARGING_TERMINAL;764, Chaussée de Waterloo;764, Waterloosesteenweg;;;;4.3162250009428975;50.80241900025659;50.80241900025659, 4.3162250009428975
BORNES_RECHARGE;LAADPALEN;RECHARGING_TERMINAL;892A, Chaussée de Waterloo;892A, Waterloosesteenweg;;;;4.336154002386411;50.79857300122436;50.79857300122436, 4.336154002386411
BORNES_RECHARGE;LAADPALEN;RECHARGING_TERMINAL;41, Boulevard Barthélémy;41, Barthélémylaan;;;;4.335545996534427;50.851988999233576;50.851988999233576, 4.335545996534427
BORNES_RECHARGE;LAADPALEN;RECHARGING_TERMINAL;130, Avenue de Vilvorde;130, Vilvoordselaan;;;;4.3906660063586935;50.87864499552861;50.87864499552861, 4.3906660063586935
BORNES_RECHARGE;LAADPALEN;RECHARGING_TERMINAL;95, Avenue des Coccinelles;95, Lieveheersbeestjeslaan;;;;4.427410999596638;50.80990999572355;50.80990999572355, 4.427410999596638
BORNES_RECHARGE;LAADPALEN;RECHARGING_TERMINAL;60, Avenue du Bourget;60, Bourgetlaan;;;;4.444561007053685;50.85610900408139;50.85610900408139, 4.444561007053685
BORNES_RECHARGE;LAADPALEN;RECHARGING_TERMINAL;178, Rue François-Joseph Navez;178, François-Joseph Navezstraat;;;;4.375346999925691;50.874661996697924;50.874661996697924, 4.375346999925691
BORNES_RECHARGE;LAADPALEN;RECHARGING_TERMINAL;1420, Chaussée de Haecht;1420, Haachtsesteenweg;;;;4.398231001001665;50.87259599983006;50.87259599983006, 4.398231001001665
BORNES_RECHARGE;LAADPALEN;RECHARGING_TERMINAL;26, Boulevard de Nieuport;26, Nieuwpoortlaan;;;;4.33998599379212;50.856402003037765;50.856402003037765, 4.33998599379212
BORNES_RECHARGE;LAADPALEN;RECHARGING_TERMINAL;145, Rue Drootbeek;145, Drootbeekstraat;Laeken;Laken;Laeken / Laken;4.346538004112324;50.87215599856651;50.87215599856651, 4.346538004112324
BORNES_RECHARGE;LAADPALEN;RECHARGING_TERMINAL;303, Rue du Noyer;303, Notelaarsstraat;;;;4.424706002500424;50.83777199919814;50.83777199919814, 4.424706002500424
BORNES_RECHARGE;LAADPALEN;RECHARGING_TERMINAL;150, Boulevard du Midi;150, Zuidlaan;;;;4.337743001687247;50.814540001427254;50.814540001427254, 4.337743001687247
BORNES_RECHARGE;LAADPALEN;RECHARGING_TERMINAL;24, Avenue des Scarabées;24, Keverslaan;;;;4.392541997737885;50.80782699986111;50.80782699986111, 4.392541997737885
BORNES_RECHARGE;LAADPALEN;RECHARGING_TERMINAL;130A, Chaussée de La Hulpe;130A, Terhulpsesteenweg;;;;4.421992004147193;50.790794000016305;50.790794000016305, 4.421992004147193
BORNES_RECHARGE;LAADPALEN;RECHARGING_TERMINAL;40, Rue du Luxembourg;40, Luxemburgstraat;;;;4.370785006264816;50.83952899555469;50.83952899555469, 4.370785006264816
BORNES_RECHARGE;LAADPALEN;RECHARGING_TERMINAL;134, Rue Charles Demeer;134, Charles Demeerstraat;;;;4.3289479991234545;50.87151600373128;50.87151600373128, 4.3289479991234545
BORNES_RECHARGE;LAADPALEN;RECHARGING_TERMINAL;19, Place Wappers;19, Wappersplein;;;;4.419394999605727;50.85206100368267;50.85206100368267, 4.419394999605727
BORNES_RECHARGE;LAADPALEN;RECHARGING_TERMINAL;164, Rue du Pannenhuys;164, Pannenhuisstraat;;;;4.314827996966175;50.86632099980139;50.86632099980139, 4.314827996966175
BORNES_RECHARGE;LAADPALEN;RECHARGING_TERMINAL;82, Rue de Livourne;82, Livornostraat;;;;4.3591980006137;50.827724003129035;50.827724003129035, 4.3591980006137
BORNES_RECHARGE;LAADPALEN;RECHARGING_TERMINAL;150, Boulevard du Midi;150, Zuidlaan;;;;4.31736799833692;50.80629700231232;50.80629700231232, 4.31736799833692
BORNES_RECHARGE;LAADPALEN;RECHARGING_TERMINAL;303, Rue du Noyer;303, Notelaarsstraat;;;;4.42962800660164;50.848182996201544;50.848182996201544, 4.42962800660164
BORNES_RECHARGE;LAADPALEN;RECHARGING_TERMINAL;33, Boulevard Bischoffsheim;33, Bischoffsheimlaan;;;;4.371771995831565;50.852416995552744;50.852416995552744, 4.371771995831565
BORNES_RECHARGE;LAADPALEN;RECHARGING_TERMINAL;7, Avenue du Maelbeek;7, Maalbeeklaan;;;;4.382313006500842;50.83669699923972;50.83669699923972, 4.382313006500842
BORNES_RECHARGE;LAADPALEN;RECHARGING_TERMINAL;10A, Parc du Cinquantenaire;10A, Jubelpark;;;;4.4058280063333815;50.82769999862413;50.82769999862413, 4.4058280063333815
BORNES_RECHARGE;LAADPALEN;RECHARGING_TERMINAL;18, Drève du Parc;18, Parkdreef;;;;4.337620997927201;50.86679500200175;50.86679500200175, 4.337620997927201
BORNES_RECHARGE;LAADPALEN;RECHARGING_TERMINAL;60, Rue de Livourne;60, Livornostraat;;;;4.352008992940361;50.82615000105713;50.82615000105713, 4.352008992940361
BORNES_RECHARGE;LAADPALEN;RECHARGING_TERMINAL;57A, Boulevard du Jardin Botanique;57A, Kruidtuinlaan;;;;4.366703997287615;50.85459600058634;50.85459600058634, 4.366703997287615
BORNES_RECHARGE;LAADPALEN;RECHARGING_TERMINAL;42, Avenue Paul Héger;42, Paul Hégerlaan;;;;4.403863001342702;50.822419998140106;50.822419998140106, 4.403863001342702
BORNES_RECHARGE;LAADPALEN;RECHARGING_TERMINAL;24, Rue de Livourne;24, Livornostraat;;;;4.355097005737722;50.82949600196505;50.82949600196505, 4.355097005737722
BORNES_RECHARGE;LAADPALEN;RECHARGING_TERMINAL;150, Boulevard du Midi;150, Zuidlaan;;;;4.344046998887822;50.82620600110137;50.82620600110137, 4.344046998887822
BORNES_RECHARGE;LAADPALEN;RECHARGING_TERMINAL;211, Rue du Noyer;211, Notelaarsstraat;;;;4.4136790064062135;50.85648999987308;50.85648999987308, 4.4136790064062135
BORNES_RECHARGE;LAADPALEN;RECHARGING_TERMINAL;136, Boulevard du Midi;136, Zuidlaan;;;;4.284443002045957;50.821520002700126;50.821520002700126, 4.284443002045957
BORNES_RECHARGE;LAADPALEN;RECHARGING_TERMINAL;3, Rue de la Rosée;3, Dauwstraat;;;;4.307054999720269;50.83458300078263;50.83458300078263, 4.307054999720269
BORNES_RECHARGE;LAADPALEN;RECHARGING_TERMINAL;216, Chaussée de Louvain;216, Leuvensesteenweg;;;;4.378844006226354;50.85015300330478;50.85015300330478, 4.378844006226354
BORNES_RECHARGE;LAADPALEN;RECHARGING_TERMINAL;303, Rue du Noyer;303, Notelaarsstraat;;;;4.443613006285546;50.83921700395368;50.83921700395368, 4.443613006285546
BORNES_RECHARGE;LAADPALEN;RECHARGING_TERMINAL;368, Chaussée de Louvain;368, Leuvensesteenweg;;;;4.3824030049752505;50.86017599802658;50.86017599802658, 4.3824030049752505
BORNES_RECHARGE;LAADPALEN;RECHARGING_TERMINAL;10, Avenue de la Chevalerie;10, Ridderschapslaan;;;;4.412729004874909;50.839269999937045;50.839269999937045, 4.412729004874909
BORNES_RECHARGE;LAADPALEN;RECHARGING_TERMINAL;2, Rue Stephenson;2, Stephensonstraat;;;;4.374145999709603;50.8641849963621;50.8641849963621, 4.374145999709603
BORNES_RECHARGE;LAADPALEN;RECHARGING_TERMINAL;130B, Avenue de Madrid;130B, Madridlaan;Laeken;Laken;Laeken / Laken;4.346830995355805;50.89894300108106;50.89894300108106, 4.346830995355805
BORNES_RECHARGE;LAADPALEN;RECHARGING_TERMINAL;208, Chaussée de Vleurgat;208, Vleurgatsesteenweg;;;;4.364519993986048;50.821173002351586;50.821173002351586, 4.364519993986048
BORNES_RECHARGE;LAADPALEN;RECHARGING_TERMINAL;266, Rue Blaes;266, Blaesstraat;;;;4.292223994044729;50.81832700011989;50.81832700011989, 4.292223994044729
BORNES_RECHARGE;LAADPALEN;RECHARGING_TERMINAL;149, Rue des Horticulteurs;149, Tuinbouwersstraat;Laeken;Laken;Laeken / Laken;4.348192001758309;50.88218600392472;50.88218600392472, 4.348192001758309
BORNES_RECHARGE;LAADPALEN;RECHARGING_TERMINAL;227, Rue du Noyer;227, Notelaarsstraat;;;;4.403790997942159;50.84862099657759;50.84862099657759, 4.403790997942159
BORNES_RECHARGE;LAADPALEN;RECHARGING_TERMINAL;282, Rue Léopold I;282, Leopold I-straat;;;;4.305839997348313;50.871187003414846;50.871187003414846, 4.305839997348313
BORNES_RECHARGE;LAADPALEN;RECHARGING_TERMINAL;4, Place Arthur Van Gehuchten;4, Arthur Van Gehuchtenplein;;;;4.334659995778284;50.88540199693547;50.88540199693547, 4.334659995778284
BORNES_RECHARGE;LAADPALEN;RECHARGING_TERMINAL;8, Chaussée de La Hulpe;8, Terhulpsesteenweg;;;;4.370501999329113;50.79003299772114;50.79003299772114, 4.370501999329113
BORNES_RECHARGE;LAADPALEN;RECHARGING_TERMINAL;10A, Parc du Cinquantenaire;10A, Jubelpark;;;;4.4201670044363714;50.822362998432546;50.822362998432546, 4.4201670044363714
BORNES_RECHARGE;LAADPALEN;RECHARGING_TERMINAL;876, Chaussée de Waterloo;876, Waterloosesteenweg;;;;4.3581710057869;50.805723000583676;50.805723000583676, 4.3581710057869
BORNES_RECHARGE;LAADPALEN;RECHARGING_TERMINAL;497, Avenue Louise;497, Louizalaan;Louise;Louiza;Louise / Louiza;4.371544999636438;50.816423997694294;50.816423997694294, 4.371544999636438
BORNES_RECHARGE;LAADPALEN;RECHARGING_TERMINAL;10A, Parc du Cinquantenaire;10A, Jubelpark;;;;4.389235994360861;50.83470200261332;50.83470200261332, 4.389235994360861
BORNES_RECHARGE;LAADPALEN;RECHARGING_TERMINAL;12, Parc du Cinquantenaire;12, Jubelpark;;;;4.419029004295125;50.83403700245361;50.83403700245361, 4.419029004295125
BORNES_RECHARGE;LAADPALEN;RECHARGING_TERMINAL;22, Rue du Lac;22, Meerstraat;;;;4.373011003719582;50.82673099797082;50.82673099797082, 4.373011003719582
BORNES_RECHARGE;LAADPALEN;RECHARGING_TERMINAL;5, Place Princesse Elisabeth;5, Prinses Elisabethplein;;;;4.383517996245649;50.872661998790115;50.872661998790115, 4.383517996245649
BORNES_RECHARGE;LAADPALEN;RECHARGING_TERMINAL;34, Rue du Bailli;34, Baljuwstraat;;;;4.360609000936661;50.82469300005839;50.82469300005839, 4.360609000936661
BORNES_RECHARGE;LAADPALEN;RECHARGING_TERMINAL;282, Rue Léopold I;282, Leopold I-straat;;;;4.3381260028960895;50.87679400042561;50.87679400042561, 4.3381260028960895
BORNES_RECHARGE;LAADPALEN;RECHARGING_TERMINAL;10A, Parc du Cinquantenaire;10A, Jubelpark;;;;4.417810006144233;50.82516299737401;50.82516299737401, 4.417810006144233
BORNES_RECHARGE;LAADPALEN;RECHARGING_TERMINAL;27, Rue de l'Ecuelle;27, Napstraat;;;;4.392219005938421;50.84890899671893;50.84890899671893, 4.392219005938421
BORNES_RECHARGE;LAADPALEN;RECHARGING_TERMINAL;178, Rue du Biplan;178, Tweedekkerstraat;;;;4.397389998137963;50.87715900283598;50.87715900283598, 4.397389998137963
BORNES_RECHARGE;LAADPALEN;RECHARGING_TERMINAL;63, Rue Montoyer;63, Montoyerstraat;;;;4.372770997801782;50.840441999737045;50.840441999737045, 4.372770997801782
BORNES_RECHARGE;LAADPALEN;RECHARGING_TERMINAL;22, Rue du Lac;22, Meerstraat;;;;4.370785005541047;50.82467030214275;50.82467030214275, 4.370785005541047
BORNES_RECHARGE;LAADPALEN;RECHARGING_TERMINAL;52, Quai de l'Industrie;52, Nijverheidskaai;;;;4.314031994374606;50.851758972008795;50.851758972008795, 4.314031994374606
BORNES_RECHARGE;LAADPALEN;RECHARGING_TERMINAL;52, Quai de l'Industrie;52, Nijverheidskaai;;;;4.2906639967180285;50.862100001300895;50.862100001300895, 4.2906639967180285
BORNES_RECHARGE;LAADPALEN;RECHARGING_TERMINAL;29, Quai au Bois à Brûler;29, Brandhoutkaai;Pentagone;Vijfhoek;Pentagone / Vijfhoek;4.348197917917814;50.852138292812405;50.852138292812405, 4.348197917917814
BORNES_RECHARGE;LAADPALEN;RECHARGING_TERMINAL;12, Parc du Cinquantenaire;12, Jubelpark;;;;4.4153159175593615;50.83667224167723;50.83667224167723, 4.4153159175593615
BORNES_RECHARGE;LAADPALEN;RECHARGING_TERMINAL;303, Rue du Noyer;303, Notelaarsstraat;;;;4.4142289279035065;50.84653159866755;50.84653159866755, 4.4142289279035065
BORNES_RECHARGE;LAADPALEN;RECHARGING_TERMINAL;136, Boulevard du Midi;136, Zuidlaan;;;;4.265288996053974;50.814954997459125;50.814954997459125, 4.265288996053974
BORNES_RECHARGE;LAADPALEN;RECHARGING_TERMINAL;262, Avenue Franklin Roosevelt;262, Franklin Rooseveltlaan;;;;4.397299998305491;50.7967479976094;50.7967479976094, 4.397299998305491
BORNES_RECHARGE;LAADPALEN;RECHARGING_TERMINAL;150, Boulevard du Midi;150, Zuidlaan;;;;4.345607994121206;50.82809800258301;50.82809800258301, 4.345607994121206
BORNES_RECHARGE;LAADPALEN;RECHARGING_TERMINAL;150, Boulevard du Midi;150, Zuidlaan;;;;4.334247003145662;50.81254700345368;50.81254700345368, 4.334247003145662
BORNES_RECHARGE;LAADPALEN;RECHARGING_TERMINAL;6, Rue Ducale;6, Hertogsstraat;Pentagone;Vijfhoek;Pentagone / Vijfhoek;4.36732299709263;50.84739599803237;50.84739599803237, 4.36732299709263
BORNES_RECHARGE;LAADPALEN;RECHARGING_TERMINAL;32, Boulevard du Roi Albert II;32, Koning Albert II laan;;;;4.359968003730654;50.86241800000618;50.86241800000618, 4.359968003730654
BORNES_RECHARGE;LAADPALEN;RECHARGING_TERMINAL;1420, Chaussée de Haecht;1420, Haachtsesteenweg;;;;4.403217993100203;50.86337100252151;50.86337100252151, 4.403217993100203
BORNES_RECHARGE;LAADPALEN;RECHARGING_TERMINAL;44, Avenue du Bourget;44, Bourgetlaan;;;;4.433513005362367;50.85682900245175;50.85682900245175, 4.433513005362367
BORNES_RECHARGE;LAADPALEN;RECHARGING_TERMINAL;892A, Chaussée de Waterloo;892A, Waterloosesteenweg;;;;4.338649996864054;50.79919900067724;50.79919900067724, 4.338649996864054
BORNES_RECHARGE;LAADPALEN;RECHARGING_TERMINAL;98, Avenue Louise;98, Louizalaan;Louise;Louiza;Louise / Louiza;4.359902005151481;50.831547996094;50.831547996094, 4.359902005151481
BORNES_RECHARGE;LAADPALEN;RECHARGING_TERMINAL;35, Boulevard Bischoffsheim;35, Bischoffsheimlaan;;;;4.374994994944901;50.85625600283162;50.85625600283162, 4.374994994944901
BORNES_RECHARGE;LAADPALEN;RECHARGING_TERMINAL;2, Rue Stephenson;2, Stephensonstraat;;;;4.375953000483591;50.86122899715885;50.86122899715885, 4.375953000483591
BORNES_RECHARGE;LAADPALEN;RECHARGING_TERMINAL;52, Quai de l'Industrie;52, Nijverheidskaai;;;;4.313027997450691;50.852446004279436;50.852446004279436, 4.313027997450691
BORNES_RECHARGE;LAADPALEN;RECHARGING_TERMINAL;42, Avenue Paul Héger;42, Paul Hégerlaan;;;;4.385268002198108;50.816309997144444;50.816309997144444, 4.385268002198108
BORNES_RECHARGE;LAADPALEN;RECHARGING_TERMINAL;3, Rue de la Rosée;3, Dauwstraat;;;;4.292452999374436;50.839555003502234;50.839555003502234, 4.292452999374436
BORNES_RECHARGE;LAADPALEN;RECHARGING_TERMINAL;142, Boulevard du Midi;142, Zuidlaan;;;;4.329991002161325;50.826231995523266;50.826231995523266, 4.329991002161325
BORNES_RECHARGE;LAADPALEN;RECHARGING_TERMINAL;10, Avenue de la Chevalerie;10, Ridderschapslaan;;;;4.446045994162667;50.83219899862839;50.83219899862839, 4.446045994162667
BORNES_RECHARGE;LAADPALEN;RECHARGING_TERMINAL;178, Rue du Biplan;178, Tweedekkerstraat;;;;4.402673994120832;50.880218997300645;50.880218997300645, 4.402673994120832
BORNES_RECHARGE;LAADPALEN;RECHARGING_TERMINAL;764, Chaussée de Waterloo;764, Waterloosesteenweg;;;;4.3544460037217165;50.814039997165374;50.814039997165374, 4.3544460037217165
BORNES_RECHARGE;LAADPALEN;RECHARGING_TERMINAL;128, Boulevard du Midi;128, Zuidlaan;;;;4.294342994642639;50.82855199981802;50.82855199981802, 4.294342994642639
BORNES_RECHARGE;LAADPALEN;RECHARGING_TERMINAL;273, Rue du Noyer;273, Notelaarsstraat;;;;4.4029840049068625;50.84598500155405;50.84598500155405, 4.4029840049068625
BORNES_RECHARGE;LAADPALEN;RECHARGING_TERMINAL;4, Cité Modèle;4, Modelwijk;;;;4.3215990034040495;50.892776003180714;50.892776003180714, 4.3215990034040495
BORNES_RECHARGE;LAADPALEN;RECHARGING_TERMINAL;142, Boulevard du Midi;142, Zuidlaan;;;;4.325837995401953;50.822933000130845;50.822933000130845, 4.325837995401953
BORNES_RECHARGE;LAADPALEN;RECHARGING_TERMINAL;39, Avenue Antoine Depage;39, Antoine Depagelaan;;;;4.404060993419389;50.814793003216906;50.814793003216906, 4.404060993419389
BORNES_RECHARGE;LAADPALEN;RECHARGING_TERMINAL;39, Avenue Antoine Depage;39, Antoine Depagelaan;;;;4.391813995031693;50.81315599768733;50.81315599768733, 4.391813995031693
BORNES_RECHARGE;LAADPALEN;RECHARGING_TERMINAL;48, Avenue de l'Uruguay;48, Uruguaylaan;;;;4.428439996194729;50.82121999740299;50.82121999740299, 4.428439996194729
BORNES_RECHARGE;LAADPALEN;RECHARGING_TERMINAL;24, Chaussée de La Hulpe;24, Terhulpsesteenweg;;;;4.374591993690417;50.79048500349601;50.79048500349601, 4.374591993690417
BORNES_RECHARGE;LAADPALEN;RECHARGING_TERMINAL;3, Rue de Verviers;3, Verviersstraat;;;;4.372126001533367;50.8494600034372;50.8494600034372, 4.372126001533367
BORNES_RECHARGE;LAADPALEN;RECHARGING_TERMINAL;10A, Parc du Cinquantenaire;10A, Jubelpark;;;;4.403583002053912;50.83245499765775;50.83245499765775, 4.403583002053912
BORNES_RECHARGE;LAADPALEN;RECHARGING_TERMINAL;817, Chaussée Romaine;817, Romeinsesteenweg;;;;4.295074006097644;50.87242500219533;50.87242500219533, 4.295074006097644
BORNES_RECHARGE;LAADPALEN;RECHARGING_TERMINAL;130A, Chaussée de La Hulpe;130A, Terhulpsesteenweg;;;;4.407227993777831;50.7948560007463;50.7948560007463, 4.407227993777831
BORNES_RECHARGE;LAADPALEN;RECHARGING_TERMINAL;15, Rue Picard;15, Picardstraat;;;;4.328796999181953;50.863373000586925;50.863373000586925, 4.328796999181953
BORNES_RECHARGE;LAADPALEN;RECHARGING_TERMINAL;164, Rue du Pannenhuys;164, Pannenhuisstraat;;;;4.301465995832083;50.86574700118533;50.86574700118533, 4.301465995832083
BORNES_RECHARGE;LAADPALEN;RECHARGING_TERMINAL;817, Chaussée Romaine;817, Romeinsesteenweg;;;;4.2900980055287805;50.871637003241446;50.871637003241446, 4.2900980055287805
BORNES_RECHARGE;LAADPALEN;RECHARGING_TERMINAL;15, Rue Picard;15, Picardstraat;;;;4.338068995434059;50.86247900318236;50.86247900318236, 4.338068995434059
BORNES_RECHARGE;LAADPALEN;RECHARGING_TERMINAL;8, Rue Van Eyck;8, Van Eyckstraat;;;;4.351616996660924;50.81637200135628;50.81637200135628, 4.351616996660924
BORNES_RECHARGE;LAADPALEN;RECHARGING_TERMINAL;134, Rue Charles Demeer;134, Charles Demeerstraat;;;;4.322127002589779;50.87052200258015;50.87052200258015, 4.322127002589779
BORNES_RECHARGE;LAADPALEN;RECHARGING_TERMINAL;168, Avenue de Cortenbergh;168, Kortenberglaan;Nord-Est;Noord-Oost;Nord-Est / Noord-Oost;4.39108700011336;50.84587100242032;50.84587100242032, 4.39108700011336
BORNES_RECHARGE;LAADPALEN;RECHARGING_TERMINAL;227, Boulevard Maurice Lemonnier;227, Maurice Lemonnierlaan;;;;4.329067002262608;50.83862999959893;50.83862999959893, 4.329067002262608
BORNES_RECHARGE;LAADPALEN;RECHARGING_TERMINAL;79, Rue Joseph II;79, Jozef II-straat;Nord-Est;Noord-Oost;Nord-Est / Noord-Oost;4.375392995527914;50.845093000656576;50.845093000656576, 4.375392995527914
BORNES_RECHARGE;LAADPALEN;RECHARGING_TERMINAL;817, Chaussée Romaine;817, Romeinsesteenweg;;;;4.311020999702008;50.89006399950338;50.89006399950338, 4.311020999702008
BORNES_RECHARGE;LAADPALEN;RECHARGING_TERMINAL;42, Avenue Paul Héger;42, Paul Hégerlaan;;;;4.406972999017648;50.81850999664504;50.81850999664504, 4.406972999017648
BORNES_RECHARGE;LAADPALEN;RECHARGING_TERMINAL;136, Boulevard du Midi;136, Zuidlaan;;;;4.337116998123034;50.83352699855269;50.83352699855269, 4.337116998123034
BORNES_RECHARGE;LAADPALEN;RECHARGING_TERMINAL;52, Quai de l'Industrie;52, Nijverheidskaai;;;;4.312252997559787;50.85501999687378;50.85501999687378, 4.312252997559787
BORNES_RECHARGE;LAADPALEN;RECHARGING_TERMINAL;303, Rue du Noyer;303, Notelaarsstraat;;;;4.444430002953079;50.83448499941294;50.83448499941294, 4.444430002953079
BORNES_RECHARGE;LAADPALEN;RECHARGING_TERMINAL;1420, Chaussée de Haecht;1420, Haachtsesteenweg;;;;4.4072990061976745;50.87097500295455;50.87097500295455, 4.4072990061976745
BORNES_RECHARGE;LAADPALEN;RECHARGING_TERMINAL;817, Chaussée Romaine;817, Romeinsesteenweg;;;;4.301556996984452;50.87654999720016;50.87654999720016, 4.301556996984452
BORNES_RECHARGE;LAADPALEN;RECHARGING_TERMINAL;142, Boulevard du Midi;142, Zuidlaan;;;;4.342942995249441;50.83250399762211;50.83250399762211, 4.342942995249441
BORNES_RECHARGE;LAADPALEN;RECHARGING_TERMINAL;10, Avenue de la Chevalerie;10, Ridderschapslaan;;;;4.458089999821562;50.82995199844736;50.82995199844736, 4.458089999821562
BORNES_RECHARGE;LAADPALEN;RECHARGING_TERMINAL;46, Rue Van Ostade;46, Van Ostadestraat;;;;4.411491003471966;50.847328000238434;50.847328000238434, 4.411491003471966
BORNES_RECHARGE;LAADPALEN;RECHARGING_TERMINAL;60, Avenue du Bourget;60, Bourgetlaan;;;;4.449228007059665;50.851183999327695;50.851183999327695, 4.449228007059665
BORNES_RECHARGE;LAADPALEN;RECHARGING_TERMINAL;11, Rue Jenner;11, Jennerstraat;;;;4.387001998633819;50.82947499634574;50.82947499634574, 4.387001998633819
BORNES_RECHARGE;LAADPALEN;RECHARGING_TERMINAL;432, Avenue Louise;432, Louizalaan;Louise;Louiza;Louise / Louiza;4.371464997305031;50.81862599915413;50.81862599915413, 4.371464997305031
BORNES_RECHARGE;LAADPALEN;RECHARGING_TERMINAL;17, Rue de la Besace;17, Knapzakstraat;;;;4.3967820005784874;50.85110700030021;50.85110700030021, 4.3967820005784874
BORNES_RECHARGE;LAADPALEN;RECHARGING_TERMINAL;1, Rue Stevin;1, Stevinstraat;Nord-Est;Noord-Oost;Nord-Est / Noord-Oost;4.374765003296867;50.84605499735986;50.84605499735986, 4.374765003296867
BORNES_RECHARGE;LAADPALEN;RECHARGING_TERMINAL;22, Rue du Lac;22, Meerstraat;;;;4.376325002983833;50.828533003309715;50.828533003309715, 4.376325002983833
BORNES_RECHARGE;LAADPALEN;RECHARGING_TERMINAL;211, Rue du Noyer;211, Notelaarsstraat;;;;4.3949139989253965;50.847992002568795;50.847992002568795, 4.3949139989253965
BORNES_RECHARGE;LAADPALEN;RECHARGING_TERMINAL;60, Avenue du Bourget;60, Bourgetlaan;;;;4.448998993724775;50.84768700325861;50.84768700325861, 4.448998993724775
BORNES_RECHARGE;LAADPALEN;RECHARGING_TERMINAL;3, Rue de la Rosée;3, Dauwstraat;;;;4.285585996182913;50.83981000016815;50.83981000016815, 4.285585996182913
BORNES_RECHARGE;LAADPALEN;RECHARGING_TERMINAL;48, Avenue de l'Uruguay;48, Uruguaylaan;;;;4.404922006986815;50.8098410035409;50.8098410035409, 4.404922006986815
BORNES_RECHARGE;LAADPALEN;RECHARGING_TERMINAL;150, Boulevard du Midi;150, Zuidlaan;;;;4.337619994840866;50.8162659981569;50.8162659981569, 4.337619994840866
BORNES_RECHARGE;LAADPALEN;RECHARGING_TERMINAL;282, Rue Léopold I;282, Leopold I-straat;;;;4.328584998798077;50.87869899611158;50.87869899611158, 4.328584998798077
BORNES_RECHARGE;LAADPALEN;RECHARGING_TERMINAL;303, Rue du Noyer;303, Notelaarsstraat;;;;4.458500995959729;50.84081200150278;50.84081200150278, 4.458500995959729
BORNES_RECHARGE;LAADPALEN;RECHARGING_TERMINAL;150, Boulevard du Midi;150, Zuidlaan;;;;4.335015004696566;50.813042999051994;50.813042999051994, 4.335015004696566
BORNES_RECHARGE;LAADPALEN;RECHARGING_TERMINAL;8, Place Princesse Elisabeth;8, Prinses Elisabethplein;;;;4.392125997709303;50.87384699644325;50.87384699644325, 4.392125997709303
BORNES_RECHARGE;LAADPALEN;RECHARGING_TERMINAL;7, Avenue du Congo;7, Kongolaan;;;;4.380964004199811;50.81737200359212;50.81737200359212, 4.380964004199811
BORNES_RECHARGE;LAADPALEN;RECHARGING_TERMINAL;10A, Parc du Cinquantenaire;10A, Jubelpark;;;;4.396413999042808;50.834792001790504;50.834792001790504, 4.396413999042808
BORNES_RECHARGE;LAADPALEN;RECHARGING_TERMINAL;5, Place Princesse Elisabeth;5, Prinses Elisabethplein;;;;4.380277000259939;50.87503199816233;50.87503199816233, 4.380277000259939
BORNES_RECHARGE;LAADPALEN;RECHARGING_TERMINAL;136, Boulevard du Midi;136, Zuidlaan;;;;4.292528997507407;50.82574699864468;50.82574699864468, 4.292528997507407
BORNES_RECHARGE;LAADPALEN;RECHARGING_TERMINAL;817, Chaussée Romaine;817, Romeinsesteenweg;;;;4.2895770024094775;50.86954200394193;50.86954200394193, 4.2895770024094775
BORNES_RECHARGE;LAADPALEN;RECHARGING_TERMINAL;34, Rue du Bailli;34, Baljuwstraat;;;;4.3508460049778845;50.82220799911355;50.82220799911355, 4.3508460049778845
BORNES_RECHARGE;LAADPALEN;RECHARGING_TERMINAL;2, Rue Charles Quint;2, Keizer Karelstraat;;;;4.379369004465408;50.853390001716356;50.853390001716356, 4.379369004465408
BORNES_RECHARGE;LAADPALEN;RECHARGING_TERMINAL;41, Rue du Noyer;41, Notelaarsstraat;;;;4.400652006074264;50.8588079999607;50.8588079999607, 4.400652006074264
BORNES_RECHARGE;LAADPALEN;RECHARGING_TERMINAL;37, Avenue des Courses;37, Wedrennenlaan;;;;4.37895956239027;50.81433199015739;50.81433199015739, 4.37895956239027
BORNES_RECHARGE;LAADPALEN;RECHARGING_TERMINAL;18, Rue Guimard;18, Guimardstraat;Nord-Est;Noord-Oost;Nord-Est / Noord-Oost;4.370678522926055;50.84382565926469;50.84382565926469, 4.370678522926055
BORNES_RECHARGE;LAADPALEN;RECHARGING_TERMINAL;129, Avenue de l'Arbre Ballon;129, Dikkebeuklaan;;;;4.3181862614501;50.88661623826432;50.88661623826432, 4.3181862614501
BORNES_RECHARGE;LAADPALEN;RECHARGING_TERMINAL;8, Rue Van Eyck;8, Van Eyckstraat;;;;4.3517478538851195;50.8165896576192;50.8165896576192, 4.3517478538851195
BORNES_RECHARGE;LAADPALEN;RECHARGING_TERMINAL;150, Boulevard du Midi;150, Zuidlaan;;;;4.316356999596766;50.805582002740216;50.805582002740216, 4.316356999596766
BORNES_RECHARGE;LAADPALEN;RECHARGING_TERMINAL;188, Rue des Tanneurs;188, Huidevettersstraat;;;;4.325598999358428;50.83506099850821;50.83506099850821, 4.325598999358428
BORNES_RECHARGE;LAADPALEN;RECHARGING_TERMINAL;95, Avenue des Coccinelles;95, Lieveheersbeestjeslaan;;;;4.405955006607811;50.799473999528296;50.799473999528296, 4.405955006607811
BORNES_RECHARGE;LAADPALEN;RECHARGING_TERMINAL;15, Rue Picard;15, Picardstraat;;;;4.338071002202078;50.862494995972845;50.862494995972845, 4.338071002202078
BORNES_RECHARGE;LAADPALEN;RECHARGING_TERMINAL;150, Boulevard du Midi;150, Zuidlaan;;;;4.321865002028666;50.806163002410436;50.806163002410436, 4.321865002028666
BORNES_RECHARGE;LAADPALEN;RECHARGING_TERMINAL;48, Avenue de l'Uruguay;48, Uruguaylaan;;;;4.41488700065229;50.816715002714496;50.816715002714496, 4.41488700065229
BORNES_RECHARGE;LAADPALEN;RECHARGING_TERMINAL;42, Avenue du Bourget;42, Bourgetlaan;;;;4.435601004606043;50.855873000241075;50.855873000241075, 4.435601004606043
BORNES_RECHARGE;LAADPALEN;RECHARGING_TERMINAL;368, Chaussée de Louvain;368, Leuvensesteenweg;;;;4.385216003750422;50.85448399857228;50.85448399857228, 4.385216003750422
BORNES_RECHARGE;LAADPALEN;RECHARGING_TERMINAL;164, Rue du Pannenhuys;164, Pannenhuisstraat;;;;4.3240400013822375;50.867563999405554;50.867563999405554, 4.3240400013822375
BORNES_RECHARGE;LAADPALEN;RECHARGING_TERMINAL;15, Rue Picard;15, Picardstraat;;;;4.319621998296382;50.86146700045642;50.86146700045642, 4.319621998296382
BORNES_RECHARGE;LAADPALEN;RECHARGING_TERMINAL;878, Chaussée de Waterloo;878, Waterloosesteenweg;;;;4.336667998722513;50.802658997767146;50.802658997767146, 4.336667998722513
BORNES_RECHARGE;LAADPALEN;RECHARGING_TERMINAL;42, Avenue du Bourget;42, Bourgetlaan;;;;4.438451998222389;50.85564799870995;50.85564799870995, 4.438451998222389
BORNES_RECHARGE;LAADPALEN;RECHARGING_TERMINAL;764, Chaussée de Waterloo;764, Waterloosesteenweg;;;;4.34507799437395;50.813925002782284;50.813925002782284, 4.34507799437395
BORNES_RECHARGE;LAADPALEN;RECHARGING_TERMINAL;58, Rue du Houblon;58, Hopstraat;;;;4.32948699622798;50.85497999970191;50.85497999970191, 4.32948699622798
BORNES_RECHARGE;LAADPALEN;RECHARGING_TERMINAL;928, Chaussée de Waterloo;928, Waterloosesteenweg;;;;4.3275229969866285;50.78374399740545;50.78374399740545, 4.3275229969866285
BORNES_RECHARGE;LAADPALEN;RECHARGING_TERMINAL;15, Rue Picard;15, Picardstraat;;;;4.321061993691474;50.861580997746984;50.861580997746984, 4.321061993691474
BORNES_RECHARGE;LAADPALEN;RECHARGING_TERMINAL;282, Rue Léopold I;282, Leopold I-straat;;;;4.3317139941582266;50.87546899655101;50.87546899655101, 4.3317139941582266
BORNES_RECHARGE;LAADPALEN;RECHARGING_TERMINAL;7, Rue Picard;7, Picardstraat;;;;4.344747998005818;50.863700995822796;50.863700995822796, 4.344747998005818
BORNES_RECHARGE;LAADPALEN;RECHARGING_TERMINAL;150, Boulevard du Midi;150, Zuidlaan;;;;4.341111001461556;50.82143400334695;50.82143400334695, 4.341111001461556
BORNES_RECHARGE;LAADPALEN;RECHARGING_TERMINAL;52, Quai de l'Industrie;52, Nijverheidskaai;;;;4.307351004916515;50.85689499914653;50.85689499914653, 4.307351004916515
BORNES_RECHARGE;LAADPALEN;RECHARGING_TERMINAL;42, Avenue Paul Héger;42, Paul Hégerlaan;;;;4.387574004454145;50.814770995986606;50.814770995986606, 4.387574004454145
BORNES_RECHARGE;LAADPALEN;RECHARGING_TERMINAL;764, Chaussée de Waterloo;764, Waterloosesteenweg;;;;4.337460000511499;50.80977199687269;50.80977199687269, 4.337460000511499
BORNES_RECHARGE;LAADPALEN;RECHARGING_TERMINAL;21, Avenue Jean-Joseph Crocq;21, Jean-Joseph Crocqlaan;;;;4.3183710018699335;50.88657000318693;50.88657000318693, 4.3183710018699335
BORNES_RECHARGE;LAADPALEN;RECHARGING_TERMINAL;340, Chaussée de Louvain;340, Leuvensesteenweg;;;;4.3788229963514365;50.858700001573524;50.858700001573524, 4.3788229963514365
BORNES_RECHARGE;LAADPALEN;RECHARGING_TERMINAL;95, Avenue des Coccinelles;95, Lieveheersbeestjeslaan;;;;4.4229449978518405;50.801819997275985;50.801819997275985, 4.4229449978518405
BORNES_RECHARGE;LAADPALEN;RECHARGING_TERMINAL;60, Avenue du Bourget;60, Bourgetlaan;;;;4.466309993396164;50.838688001008315;50.838688001008315, 4.466309993396164
BORNES_RECHARGE;LAADPALEN;RECHARGING_TERMINAL;52, Quai de l'Industrie;52, Nijverheidskaai;;;;4.303048004533659;50.85183000439293;50.85183000439293, 4.303048004533659
BORNES_RECHARGE;LAADPALEN;RECHARGING_TERMINAL;58, Avenue de la Renaissance;58, Renaissancelaan;;;;4.4024900063968815;50.84032400356798;50.84032400356798, 4.4024900063968815
BORNES_RECHARGE;LAADPALEN;RECHARGING_TERMINAL;17, Rue du Pépin;17, Kernstraat;Pentagone;Vijfhoek;Pentagone / Vijfhoek;4.359361993104259;50.83973699842615;50.83973699842615, 4.359361993104259
BORNES_RECHARGE;LAADPALEN;RECHARGING_TERMINAL;10A, Parc du Cinquantenaire;10A, Jubelpark;;;;4.393507994653699;50.830760000866725;50.830760000866725, 4.393507994653699
BORNES_RECHARGE;LAADPALEN;RECHARGING_TERMINAL;10A, Parc du Cinquantenaire;10A, Jubelpark;;;;4.392745000387806;50.828899999796086;50.828899999796086, 4.392745000387806
BORNES_RECHARGE;LAADPALEN;RECHARGING_TERMINAL;10A, Parc du Cinquantenaire;10A, Jubelpark;;;;4.400175002241048;50.830960001480015;50.830960001480015, 4.400175002241048
BORNES_RECHARGE;LAADPALEN;RECHARGING_TERMINAL;3, Avenue du Port;3, Havenlaan;;;;4.342192002525727;50.860090995784425;50.860090995784425, 4.342192002525727
BORNES_RECHARGE;LAADPALEN;RECHARGING_TERMINAL;2, Drève du Parc;2, Parkdreef;;;;4.3430799957085915;50.8643129969803;50.8643129969803, 4.3430799957085915
BORNES_RECHARGE;LAADPALEN;RECHARGING_TERMINAL;6, Place Princesse Elisabeth;6, Prinses Elisabethplein;;;;4.386722999871489;50.8735690003659;50.8735690003659, 4.386722999871489
BORNES_RECHARGE;LAADPALEN;RECHARGING_TERMINAL;8, Place Princesse Elisabeth;8, Prinses Elisabethplein;;;;4.381049006183292;50.87844999659793;50.87844999659793, 4.381049006183292
BORNES_RECHARGE;LAADPALEN;RECHARGING_TERMINAL;125, Avenue de Cortenbergh;125, Kortenberglaan;;;;4.398924993902535;50.848701996994805;50.848701996994805, 4.398924993902535
BORNES_RECHARGE;LAADPALEN;RECHARGING_TERMINAL;10A, Parc du Cinquantenaire;10A, Jubelpark;;;;4.401746993686754;50.82917199638581;50.82917199638581, 4.401746993686754
BORNES_RECHARGE;LAADPALEN;RECHARGING_TERMINAL;52, Quai de l'Industrie;52, Nijverheidskaai;;;;4.301735004568197;50.853237996134155;50.853237996134155, 4.301735004568197
BORNES_RECHARGE;LAADPALEN;RECHARGING_TERMINAL;303, Rue du Noyer;303, Notelaarsstraat;;;;4.41794000434329;50.84331100440041;50.84331100440041, 4.41794000434329
BORNES_RECHARGE;LAADPALEN;RECHARGING_TERMINAL;33, Quai au Bois à Brûler;33, Brandhoutkaai;Pentagone;Vijfhoek;Pentagone / Vijfhoek;4.3481119967515935;50.85218399881512;50.85218399881512, 4.3481119967515935
BORNES_RECHARGE;LAADPALEN;RECHARGING_TERMINAL;42, Rue de l'Industrie;42, Nijverheidsstraat;Nord-Est;Noord-Oost;Nord-Est / Noord-Oost;4.370544004316812;50.843510004081125;50.843510004081125, 4.370544004316812
BORNES_RECHARGE;LAADPALEN;RECHARGING_TERMINAL;12, Parc du Cinquantenaire;12, Jubelpark;;;;4.399360004480111;50.83889799845326;50.83889799845326, 4.399360004480111
BORNES_RECHARGE;LAADPALEN;RECHARGING_TERMINAL;48, Avenue de l'Uruguay;48, Uruguaylaan;;;;4.429415003146752;50.818160003325715;50.818160003325715, 4.429415003146752
BORNES_RECHARGE;LAADPALEN;RECHARGING_TERMINAL;52, Quai de l'Industrie;52, Nijverheidskaai;;;;4.333086001381329;50.851353002785665;50.851353002785665, 4.333086001381329
BORNES_RECHARGE;LAADPALEN;RECHARGING_TERMINAL;46, Rue Van Ostade;46, Van Ostadestraat;;;;4.429042000067895;50.85052999605022;50.85052999605022, 4.429042000067895
BORNES_RECHARGE;LAADPALEN;RECHARGING_TERMINAL;28, Chaussée de La Hulpe;28, Terhulpsesteenweg;;;;4.379288997007164;50.78380199723984;50.78380199723984, 4.379288997007164
BORNES_RECHARGE;LAADPALEN;RECHARGING_TERMINAL;3, Avenue Jean-Joseph Crocq;3, Jean-Joseph Crocqlaan;;;;4.313936997078604;50.8752600037662;50.8752600037662, 4.313936997078604
BORNES_RECHARGE;LAADPALEN;RECHARGING_TERMINAL;3, Avenue Jean-Joseph Crocq;3, Jean-Joseph Crocqlaan;;;;4.309137998967542;50.87487400379237;50.87487400379237, 4.309137998967542
BORNES_RECHARGE;LAADPALEN;RECHARGING_TERMINAL;3, Avenue Jean-Joseph Crocq;3, Jean-Joseph Crocqlaan;;;;4.320764006643484;50.879794998533754;50.879794998533754, 4.320764006643484
BORNES_RECHARGE;LAADPALEN;RECHARGING_TERMINAL;303, Rue du Noyer;303, Notelaarsstraat;;;;4.414126006446399;50.84651199702001;50.84651199702001, 4.414126006446399
BORNES_RECHARGE;LAADPALEN;RECHARGING_TERMINAL;265, Rue du Noyer;265, Notelaarsstraat;;;;4.416559996043398;50.84986299883905;50.84986299883905, 4.416559996043398
BORNES_RECHARGE;LAADPALEN;RECHARGING_TERMINAL;303, Rue du Noyer;303, Notelaarsstraat;;;;4.407350996647554;50.84137099758672;50.84137099758672, 4.407350996647554
BORNES_RECHARGE;LAADPALEN;RECHARGING_TERMINAL;172, Rue Stéphanie;172, Stefaniastraat;Laeken;Laken;Laeken / Laken;4.349109003409606;50.87730299801148;50.87730299801148, 4.349109003409606
BORNES_RECHARGE;LAADPALEN;RECHARGING_TERMINAL;60, Rue François-Joseph Navez;60, François-Joseph Navezstraat;;;;4.39085000627403;50.86487899932278;50.86487899932278, 4.39085000627403
BORNES_RECHARGE;LAADPALEN;RECHARGING_TERMINAL;200, Avenue Louise;200, Louizalaan;Louise;Louiza;Louise / Louiza;4.364370005220283;50.82724500271677;50.82724500271677, 4.364370005220283
BORNES_RECHARGE;LAADPALEN;RECHARGING_TERMINAL;441, Avenue Louise;441, Louizalaan;Louise;Louiza;Louise / Louiza;4.370895003707062;50.81833200086325;50.81833200086325, 4.370895003707062
BORNES_RECHARGE;LAADPALEN;RECHARGING_TERMINAL;150, Boulevard du Midi;150, Zuidlaan;;;;4.330648997607976;50.82022300124026;50.82022300124026, 4.330648997607976
BORNES_RECHARGE;LAADPALEN;RECHARGING_TERMINAL;142, Boulevard du Midi;142, Zuidlaan;;;;4.335525006452692;50.828580999996106;50.828580999996106, 4.335525006452692
BORNES_RECHARGE;LAADPALEN;RECHARGING_TERMINAL;39, Rue Franklin;39, Franklinstraat;Nord-Est;Noord-Oost;Nord-Est / Noord-Oost;4.3855440003463055;50.844794996200946;50.844794996200946, 4.3855440003463055
BORNES_RECHARGE;LAADPALEN;RECHARGING_TERMINAL;134, Rue Charles Demeer;134, Charles Demeerstraat;;;;4.336408000553356;50.873448999880935;50.873448999880935, 4.336408000553356
BORNES_RECHARGE;LAADPALEN;RECHARGING_TERMINAL;764, Chaussée de Waterloo;764, Waterloosesteenweg;;;;4.366346004587181;50.81461300173903;50.81461300173903, 4.366346004587181
BORNES_RECHARGE;LAADPALEN;RECHARGING_TERMINAL;764, Chaussée de Waterloo;764, Waterloosesteenweg;;;;4.360228001696428;50.815498999078656;50.815498999078656, 4.360228001696428
BORNES_RECHARGE;LAADPALEN;RECHARGING_TERMINAL;303, Rue du Noyer;303, Notelaarsstraat;;;;4.429944003700773;50.83941700049578;50.83941700049578, 4.429944003700773
BORNES_RECHARGE;LAADPALEN;RECHARGING_TERMINAL;35, Boulevard du Neuvième de Ligne;35, Negende Linielaan;Pentagone;Vijfhoek;Pentagone / Vijfhoek;4.345150002148865;50.85694299922134;50.85694299922134, 4.345150002148865
BORNES_RECHARGE;LAADPALEN;RECHARGING_TERMINAL;9, Parc du Cinquantenaire;9, Jubelpark;;;;4.391154005442867;50.83834699841044;50.83834699841044, 4.391154005442867
BORNES_RECHARGE;LAADPALEN;RECHARGING_TERMINAL;303, Rue du Noyer;303, Notelaarsstraat;;;;4.399674004137065;50.84349099727674;50.84349099727674, 4.399674004137065
BORNES_RECHARGE;LAADPALEN;RECHARGING_TERMINAL;58, Avenue de la Renaissance;58, Renaissancelaan;;;;4.395888002928389;50.84237700313381;50.84237700313381, 4.395888002928389
BORNES_RECHARGE;LAADPALEN;RECHARGING_TERMINAL;24, Rue de Belle Vue;24, Bellevuestraat;;;;4.387978994316757;50.826486003374455;50.826486003374455, 4.387978994316757
BORNES_RECHARGE;LAADPALEN;RECHARGING_TERMINAL;10A, Parc du Cinquantenaire;10A, Jubelpark;;;;4.407184001978695;50.832014002421936;50.832014002421936, 4.407184001978695
BORNES_RECHARGE;LAADPALEN;RECHARGING_TERMINAL;4, Avenue du Pérou;4, Perulaan;;;;4.433248002395603;50.817452000713864;50.817452000713864, 4.433248002395603
BORNES_RECHARGE;LAADPALEN;RECHARGING_TERMINAL;164, Rue du Pannenhuys;164, Pannenhuisstraat;;;;4.321443995998783;50.867214996035;50.867214996035, 4.321443995998783
BORNES_RECHARGE;LAADPALEN;RECHARGING_TERMINAL;10A, Parc du Cinquantenaire;10A, Jubelpark;;;;4.388424005276393;50.83021900368946;50.83021900368946, 4.388424005276393
BORNES_RECHARGE;LAADPALEN;RECHARGING_TERMINAL;52, Quai de l'Industrie;52, Nijverheidskaai;;;;4.303324994821144;50.85866200426527;50.85866200426527, 4.303324994821144
BORNES_RECHARGE;LAADPALEN;RECHARGING_TERMINAL;42, Avenue Paul Héger;42, Paul Hégerlaan;;;;4.4115469952472575;50.820007996319;50.820007996319, 4.4115469952472575
BORNES_RECHARGE;LAADPALEN;RECHARGING_TERMINAL;264, Rue Dieudonné Lefèvre;264, Dieudonné Lefèvrestraat;;;;4.342617996741501;50.86823000336355;50.86823000336355, 4.342617996741501
BORNES_RECHARGE;LAADPALEN;RECHARGING_TERMINAL;7A, Avenue de l'Héliport;7A, Helihavenlaan;Nord;Noord;Nord / Noord;4.351050999735945;50.85835399669883;50.85835399669883, 4.351050999735945
BORNES_RECHARGE;LAADPALEN;RECHARGING_TERMINAL;303, Rue du Noyer;303, Notelaarsstraat;;;;4.427965994267075;50.84623400346874;50.84623400346874, 4.427965994267075
BORNES_RECHARGE;LAADPALEN;RECHARGING_TERMINAL;95, Avenue des Coccinelles;95, Lieveheersbeestjeslaan;;;;4.40121100025036;50.79878644445137;50.79878644445137, 4.40121100025036
BORNES_RECHARGE;LAADPALEN;RECHARGING_TERMINAL;23, Houtweg;23, Houtweg;;;;4.403541001098941;50.878432870934;50.878432870934, 4.403541001098941
BORNES_RECHARGE;LAADPALEN;RECHARGING_TERMINAL;117, Avenue de la Brabançonne;117, Brabançonnelaan;;;;4.403491998416406;50.861301003368474;50.861301003368474, 4.403491998416406
BORNES_RECHARGE;LAADPALEN;RECHARGING_TERMINAL;29, Avenue des Phalènes;29, Nachtvlinderslaan;;;;4.387832997631811;50.80967299587863;50.80967299587863, 4.387832997631811
BORNES_RECHARGE;LAADPALEN;RECHARGING_TERMINAL;928, Chaussée de Waterloo;928, Waterloosesteenweg;;;;4.331360002312666;50.79152100318654;50.79152100318654, 4.331360002312666
BORNES_RECHARGE;LAADPALEN;RECHARGING_TERMINAL;928, Chaussée de Waterloo;928, Waterloosesteenweg;;;;4.323843995361572;50.79461600388658;50.79461600388658, 4.323843995361572
BORNES_RECHARGE;LAADPALEN;RECHARGING_TERMINAL;430, Avenue Louise;430, Louizalaan;Louise;Louiza;Louise / Louiza;4.371369002807984;50.818722001641696;50.818722001641696, 4.371369002807984
BORNES_RECHARGE;LAADPALEN;RECHARGING_TERMINAL;42, Avenue Paul Héger;42, Paul Hégerlaan;;;;4.407117003255839;50.81853900312135;50.81853900312135, 4.407117003255839
BORNES_RECHARGE;LAADPALEN;RECHARGING_TERMINAL;52, Quai de l'Industrie;52, Nijverheidskaai;;;;4.303014149252694;50.851799484224465;50.851799484224465, 4.303014149252694
BORNES_RECHARGE;LAADPALEN;RECHARGING_TERMINAL;29, Avenue des Phalènes;29, Nachtvlinderslaan;;;;4.40102800072462;50.8110860003427;50.8110860003427, 4.40102800072462
BORNES_RECHARGE;LAADPALEN;RECHARGING_TERMINAL;33, Rue Vautier;33, Vautierstraat;;;;4.372253993310858;50.8351060010632;50.8351060010632, 4.372253993310858
BORNES_RECHARGE;LAADPALEN;RECHARGING_TERMINAL;150, Boulevard du Midi;150, Zuidlaan;;;;4.336614005733574;50.81833299586174;50.81833299586174, 4.336614005733574
BORNES_RECHARGE;LAADPALEN;RECHARGING_TERMINAL;11, Rue Jenner;11, Jennerstraat;;;;4.385799000428489;50.83086300084453;50.83086300084453, 4.385799000428489
BORNES_RECHARGE;LAADPALEN;RECHARGING_TERMINAL;266, Rue Blaes;266, Blaesstraat;;;;4.285036006875789;50.8133929971475;50.8133929971475, 4.285036006875789
BORNES_RECHARGE;LAADPALEN;RECHARGING_TERMINAL;3, Avenue Jean-Joseph Crocq;3, Jean-Joseph Crocqlaan;;;;4.322363998028248;50.88520599922619;50.88520599922619, 4.322363998028248
BORNES_RECHARGE;LAADPALEN;RECHARGING_TERMINAL;150, Boulevard du Midi;150, Zuidlaan;;;;4.343234002321213;50.821960003347925;50.821960003347925, 4.343234002321213
BORNES_RECHARGE;LAADPALEN;RECHARGING_TERMINAL;52, Quai de l'Industrie;52, Nijverheidskaai;;;;4.305893998294757;50.85494800116578;50.85494800116578, 4.305893998294757
BORNES_RECHARGE;LAADPALEN;RECHARGING_TERMINAL;303, Rue du Noyer;303, Notelaarsstraat;;;;4.411123000934739;50.84218600407189;50.84218600407189, 4.411123000934739
BORNES_RECHARGE;LAADPALEN;RECHARGING_TERMINAL;368, Chaussée de Louvain;368, Leuvensesteenweg;;;;4.38785699671518;50.86249500344825;50.86249500344825, 4.38785699671518
BORNES_RECHARGE;LAADPALEN;RECHARGING_TERMINAL;368, Chaussée de Louvain;368, Leuvensesteenweg;;;;4.384347000621272;50.857557997914995;50.857557997914995, 4.384347000621272
BORNES_RECHARGE;LAADPALEN;RECHARGING_TERMINAL;48, Avenue de l'Uruguay;48, Uruguaylaan;;;;4.418732997445277;50.8141340019903;50.8141340019903, 4.418732997445277
BORNES_RECHARGE;LAADPALEN;RECHARGING_TERMINAL;22, Rue du Lac;22, Meerstraat;;;;4.375745999965814;50.829098000372134;50.829098000372134, 4.375745999965814
BORNES_RECHARGE;LAADPALEN;RECHARGING_TERMINAL;282, Rue Léopold I;282, Leopold I-straat;;;;4.326320993465004;50.874142004168405;50.874142004168405, 4.326320993465004
BORNES_RECHARGE;LAADPALEN;RECHARGING_TERMINAL;3, Rue de la Rosée;3, Dauwstraat;;;;4.326994998008693;50.84811000365457;50.84811000365457, 4.326994998008693
BORNES_RECHARGE;LAADPALEN;RECHARGING_TERMINAL;3, Rue de la Rosée;3, Dauwstraat;;;;4.301885006811979;50.833147998602364;50.833147998602364, 4.301885006811979
BORNES_RECHARGE;LAADPALEN;RECHARGING_TERMINAL;7, Rue du Monastère;7, Munsterstraat;;;;4.384801996859448;50.82497500267308;50.82497500267308, 4.384801996859448
BORNES_RECHARGE;LAADPALEN;RECHARGING_TERMINAL;11, Rue Paul Lauters;11, Paul Lautersstraat;;;;4.367315003957504;50.8170750001897;50.8170750001897, 4.367315003957504
BORNES_RECHARGE;LAADPALEN;RECHARGING_TERMINAL;9, Rue du Couvent;9, Kloosterstraat;;;;4.367004003775588;50.832010995998544;50.832010995998544, 4.367004003775588
BORNES_RECHARGE;LAADPALEN;RECHARGING_TERMINAL;150, Boulevard du Midi;150, Zuidlaan;;;;4.325131999333643;50.81442500040859;50.81442500040859, 4.325131999333643
BORNES_RECHARGE;LAADPALEN;RECHARGING_TERMINAL;17, Rue du Damier;17, Dambordstraat;Pentagone;Vijfhoek;Pentagone / Vijfhoek;4.35772900672584;50.85284599752569;50.85284599752569, 4.35772900672584
BORNES_RECHARGE;LAADPALEN;RECHARGING_TERMINAL;150, Boulevard du Midi;150, Zuidlaan;;;;4.337421002374959;50.819254003863776;50.819254003863776, 4.337421002374959
BORNES_RECHARGE;LAADPALEN;RECHARGING_TERMINAL;4, Avenue du Pérou;4, Perulaan;;;;4.406865005005992;50.805133002660114;50.805133002660114, 4.406865005005992
BORNES_RECHARGE;LAADPALEN;RECHARGING_TERMINAL;62, Rue François-Joseph Navez;62, François-Joseph Navezstraat;;;;4.390667992995765;50.8678799966887;50.8678799966887, 4.390667992995765
BORNES_RECHARGE;LAADPALEN;RECHARGING_TERMINAL;12, Parc du Cinquantenaire;12, Jubelpark;;;;4.41539200675704;50.83651400406691;50.83651400406691, 4.41539200675704
BORNES_RECHARGE;LAADPALEN;RECHARGING_TERMINAL;34, Rue des Six Aunes;34, Zesellenstraat;Pentagone;Vijfhoek;Pentagone / Vijfhoek;4.3524959944854995;50.83537699914855;50.83537699914855, 4.3524959944854995
BORNES_RECHARGE;LAADPALEN;RECHARGING_TERMINAL;12, Parc du Cinquantenaire;12, Jubelpark;;;;4.418525994310432;50.828288003961916;50.828288003961916, 4.418525994310432
BORNES_RECHARGE;LAADPALEN;RECHARGING_TERMINAL;58, Avenue de la Renaissance;58, Renaissancelaan;;;;4.400855003320765;50.84046600300751;50.84046600300751, 4.400855003320765
BORNES_RECHARGE;LAADPALEN;RECHARGING_TERMINAL;10A, Parc du Cinquantenaire;10A, Jubelpark;;;;4.396261994223659;50.83704799990866;50.83704799990866, 4.396261994223659
BORNES_RECHARGE;LAADPALEN;RECHARGING_TERMINAL;99, Avenue des Coccinelles;99, Lieveheersbeestjeslaan;;;;4.418026998785788;50.79896399796185;50.79896399796185, 4.418026998785788
BORNES_RECHARGE;LAADPALEN;RECHARGING_TERMINAL;164, Rue du Pannenhuys;164, Pannenhuisstraat;;;;4.307778002489204;50.86675499743228;50.86675499743228, 4.307778002489204
BORNES_RECHARGE;LAADPALEN;RECHARGING_TERMINAL;18, Drève du Parc;18, Parkdreef;;;;4.328625003634482;50.86509199953449;50.86509199953449, 4.328625003634482
BORNES_RECHARGE;LAADPALEN;RECHARGING_TERMINAL;303, Rue du Noyer;303, Notelaarsstraat;;;;4.4492719965254395;50.839374998393616;50.839374998393616, 4.4492719965254395
BORNES_RECHARGE;LAADPALEN;RECHARGING_TERMINAL;16, Boulevard du Roi Albert II;16, Koning Albert II laan;;;;4.35932099373812;50.857847000202256;50.857847000202256, 4.35932099373812
BORNES_RECHARGE;LAADPALEN;RECHARGING_TERMINAL;21, Rue de la Montagne;21, Bergstraat;Pentagone;Vijfhoek;Pentagone / Vijfhoek;4.356147998083798;50.84721400244314;50.84721400244314, 4.356147998083798
BORNES_RECHARGE;LAADPALEN;RECHARGING_TERMINAL;33, Rue Vautier;33, Vautierstraat;;;;4.3758989977649865;50.83320199991361;50.83320199991361, 4.3758989977649865
BORNES_RECHARGE;LAADPALEN;RECHARGING_TERMINAL;46, Rue de la Vallée;46, Dalstraat;;;;4.382829992976264;50.82532999560189;50.82532999560189, 4.382829992976264
BORNES_RECHARGE;LAADPALEN;RECHARGING_TERMINAL;8, Rue Van Eyck;8, Van Eyckstraat;;;;4.354881000923407;50.81756199772765;50.81756199772765, 4.354881000923407
BORNES_RECHARGE;LAADPALEN;RECHARGING_TERMINAL;117, Avenue de la Brabançonne;117, Brabançonnelaan;;;;4.387760001972525;50.851650001578946;50.851650001578946, 4.387760001972525
BORNES_RECHARGE;LAADPALEN;RECHARGING_TERMINAL;113, Boulevard de Waterloo;113, Waterloolaan;;;;4.3499200002030785;50.83182000384249;50.83182000384249, 4.3499200002030785
BORNES_RECHARGE;LAADPALEN;RECHARGING_TERMINAL;303, Rue du Noyer;303, Notelaarsstraat;;;;4.406431995536692;50.84160199995497;50.84160199995497, 4.406431995536692
BORNES_RECHARGE;LAADPALEN;RECHARGING_TERMINAL;892A, Chaussée de Waterloo;892A, Waterloosesteenweg;;;;4.342657997484171;50.80116999817781;50.80116999817781, 4.342657997484171
BORNES_RECHARGE;LAADPALEN;RECHARGING_TERMINAL;817, Chaussée Romaine;817, Romeinsesteenweg;;;;4.300196999827117;50.87523300188196;50.87523300188196, 4.300196999827117
BORNES_RECHARGE;LAADPALEN;RECHARGING_TERMINAL;46, Rue Van Ostade;46, Van Ostadestraat;;;;4.4041410038577515;50.84566699798685;50.84566699798685, 4.4041410038577515
BORNES_RECHARGE;LAADPALEN;RECHARGING_TERMINAL;303, Rue du Noyer;303, Notelaarsstraat;;;;4.405530994763341;50.842982003644195;50.842982003644195, 4.405530994763341
BORNES_RECHARGE;LAADPALEN;RECHARGING_TERMINAL;60, Avenue du Bourget;60, Bourgetlaan;;;;4.460292994072985;50.84951800412638;50.84951800412638, 4.460292994072985
BORNES_RECHARGE;LAADPALEN;RECHARGING_TERMINAL;928, Chaussée de Waterloo;928, Waterloosesteenweg;;;;4.333015000305425;50.78864000315736;50.78864000315736, 4.333015000305425
BORNES_RECHARGE;LAADPALEN;RECHARGING_TERMINAL;9, Houtweg;9, Houtweg;;;;4.4072789980531555;50.88207300385457;50.88207300385457, 4.4072789980531555
BORNES_RECHARGE;LAADPALEN;RECHARGING_TERMINAL;282, Rue Léopold I;282, Leopold I-straat;;;;4.322848999302807;50.87374699731387;50.87374699731387, 4.322848999302807
BORNES_RECHARGE;LAADPALEN;RECHARGING_TERMINAL;4, Avenue de Diane;4, Dianalaan;;;;4.3691759941669455;50.80992799930959;50.80992799930959, 4.3691759941669455
BORNES_RECHARGE;LAADPALEN;RECHARGING_TERMINAL;303, Rue du Noyer;303, Notelaarsstraat;;;;4.420308996732002;50.844464003538135;50.844464003538135, 4.420308996732002
BORNES_RECHARGE;LAADPALEN;RECHARGING_TERMINAL;10A, Parc du Cinquantenaire;10A, Jubelpark;;;;4.3887539933551665;50.83299100026189;50.83299100026189, 4.3887539933551665
BORNES_RECHARGE;LAADPALEN;RECHARGING_TERMINAL;64, Avenue Emile Duray;64, Emile Duraylaan;;;;4.382970004359984;50.819449996097696;50.819449996097696, 4.382970004359984
BORNES_RECHARGE;LAADPALEN;RECHARGING_TERMINAL;159, Rue de Laeken;159, Lakensestraat;Pentagone;Vijfhoek;Pentagone / Vijfhoek;4.352540005987297;50.855456999002;50.855456999002, 4.352540005987297
BORNES_RECHARGE;LAADPALEN;RECHARGING_TERMINAL;150, Boulevard du Midi;150, Zuidlaan;;;;4.321014994659081;50.81553699616223;50.81553699616223, 4.321014994659081
BORNES_RECHARGE;LAADPALEN;RECHARGING_TERMINAL;16, Rue de Vrière;16, de Vrièrestraat;Laeken;Laken;Laeken / Laken;4.353167006582434;50.88221899580667;50.88221899580667, 4.353167006582434
BORNES_RECHARGE;LAADPALEN;RECHARGING_TERMINAL;150, Boulevard du Midi;150, Zuidlaan;;;;4.322401996035307;50.81300300041254;50.81300300041254, 4.322401996035307
BORNES_RECHARGE;LAADPALEN;RECHARGING_TERMINAL;18, Drève du Parc;18, Parkdreef;;;;4.323223994228592;50.86313699692829;50.86313699692829, 4.323223994228592
BORNES_RECHARGE;LAADPALEN;RECHARGING_TERMINAL;47, Rue de la Vanne;47, Verlaatstraat;;;;4.368994999099424;50.829275916625875;50.829275916625875, 4.368994999099424
BORNES_RECHARGE;LAADPALEN;RECHARGING_TERMINAL;12, Parc du Cinquantenaire;12, Jubelpark;;;;4.408960995685413;50.83794699945445;50.83794699945445, 4.408960995685413
BORNES_RECHARGE;LAADPALEN;RECHARGING_TERMINAL;12, Parc du Cinquantenaire;12, Jubelpark;;;;4.402296993540303;50.83634500363391;50.83634500363391, 4.402296993540303
BORNES_RECHARGE;LAADPALEN;RECHARGING_TERMINAL;413, Avenue Louise;413, Louizalaan;Louise;Louiza;Louise / Louiza;4.370321006092773;50.81933499895878;50.81933499895878, 4.370321006092773
BORNES_RECHARGE;LAADPALEN;RECHARGING_TERMINAL;59, Rue des Six Jetons;59, Zespenningenstraat;Pentagone;Vijfhoek;Pentagone / Vijfhoek;4.343829998538353;50.84747900030865;50.84747900030865, 4.343829998538353
BORNES_RECHARGE;LAADPALEN;RECHARGING_TERMINAL;17, Place Rouppe;17, Rouppeplein;Pentagone;Vijfhoek;Pentagone / Vijfhoek;4.3461399952210344;50.84253100368931;50.84253100368931, 4.3461399952210344
BORNES_RECHARGE;LAADPALEN;RECHARGING_TERMINAL;9, Parc du Cinquantenaire;9, Jubelpark;;;;4.388357997776903;50.83686200300922;50.83686200300922, 4.388357997776903
BORNES_RECHARGE;LAADPALEN;RECHARGING_TERMINAL;10A, Parc du Cinquantenaire;10A, Jubelpark;;;;4.396923997562079;50.82919400280357;50.82919400280357, 4.396923997562079
BORNES_RECHARGE;LAADPALEN;RECHARGING_TERMINAL;70, Avenue Jean de Bologne;70, Jean de Bolognelaan;Neder-Over-Heembeek/Mutsaard;Neder-Over-Heembeek/Mutsaard;Neder-Over-Heembeek/Mutsaard;4.3613729993009756;50.89852000279842;50.89852000279842, 4.3613729993009756
BORNES_RECHARGE;LAADPALEN;RECHARGING_TERMINAL;108, Boulevard de Waterloo;108, Waterloolaan;;;;4.350452004355679;50.832324003341085;50.832324003341085, 4.350452004355679
BORNES_RECHARGE;LAADPALEN;RECHARGING_TERMINAL;2, Rue Charles Quint;2, Keizer Karelstraat;;;;4.377613002065494;50.85519099614676;50.85519099614676, 4.377613002065494
BORNES_RECHARGE;LAADPALEN;RECHARGING_TERMINAL;187, Rue du Noyer;187, Notelaarsstraat;;;;4.4115170046520396;50.85861100013779;50.85861100013779, 4.4115170046520396
BORNES_RECHARGE;LAADPALEN;RECHARGING_TERMINAL;100, Rue Franklin;100, Franklinstraat;Nord-Est;Noord-Oost;Nord-Est / Noord-Oost;4.388258994109491;50.845966002739665;50.845966002739665, 4.388258994109491
BORNES_RECHARGE;LAADPALEN;RECHARGING_TERMINAL;8, Rue Van Eyck;8, Van Eyckstraat;;;;4.339162005758561;50.814289002180814;50.814289002180814, 4.339162005758561
BORNES_RECHARGE;LAADPALEN;RECHARGING_TERMINAL;5, Avenue de Croydon;5, Croydonlaan;;;;4.419852993504252;50.85679200185966;50.85679200185966, 4.419852993504252
BORNES_RECHARGE;LAADPALEN;RECHARGING_TERMINAL;82, Rue de Livourne;82, Livornostraat;;;;4.359533197790926;50.82795316299083;50.82795316299083, 4.359533197790926
BORNES_RECHARGE;LAADPALEN;RECHARGING_TERMINAL;46, Rue de la Vallée;46, Dalstraat;;;;4.382683153870236;50.82524015425951;50.82524015425951, 4.382683153870236
BORNES_RECHARGE;LAADPALEN;RECHARGING_TERMINAL;4, Avenue de Diane;4, Dianalaan;;;;4.369002001075079;50.810519004312276;50.810519004312276, 4.369002001075079
BORNES_RECHARGE;LAADPALEN;RECHARGING_TERMINAL;17, Rue de la Besace;17, Knapzakstraat;;;;4.3967209999386405;50.85104600344225;50.85104600344225, 4.3967209999386405
BORNES_RECHARGE;LAADPALEN;RECHARGING_TERMINAL;60, Avenue du Bourget;60, Bourgetlaan;;;;4.466434930043613;50.838540431837934;50.838540431837934, 4.466434930043613
BORNES_RECHARGE;LAADPALEN;RECHARGING_TERMINAL;136, Boulevard du Midi;136, Zuidlaan;;;;4.261861995315004;50.81833600363383;50.81833600363383, 4.261861995315004
BORNES_RECHARGE;LAADPALEN;RECHARGING_TERMINAL;52, Quai de l'Industrie;52, Nijverheidskaai;;;;4.3176390037218555;50.85806799580655;50.85806799580655, 4.3176390037218555
BORNES_RECHARGE;LAADPALEN;RECHARGING_TERMINAL;263, Rue du Noyer;263, Notelaarsstraat;;;;4.427096006396844;50.8527359999082;50.8527359999082, 4.427096006396844
BORNES_RECHARGE;LAADPALEN;RECHARGING_TERMINAL;8, Chaussée de La Hulpe;8, Terhulpsesteenweg;;;;4.375012997155883;50.79722900021425;50.79722900021425, 4.375012997155883
BORNES_RECHARGE;LAADPALEN;RECHARGING_TERMINAL;2, Rue du Pavillon;2, Paviljoenstraat;;;;4.366083995569137;50.866522999567536;50.866522999567536, 4.366083995569137
BORNES_RECHARGE;LAADPALEN;RECHARGING_TERMINAL;58, Rue Luther;58, Lutherstraat;;;;4.3924849977553375;50.85609899587254;50.85609899587254, 4.3924849977553375
BORNES_RECHARGE;LAADPALEN;RECHARGING_TERMINAL;52, Quai de l'Industrie;52, Nijverheidskaai;;;;4.306388006217823;50.851747999665996;50.851747999665996, 4.306388006217823
BORNES_RECHARGE;LAADPALEN;RECHARGING_TERMINAL;136, Boulevard du Midi;136, Zuidlaan;;;;4.306420002852643;50.8282800013086;50.8282800013086, 4.306420002852643
BORNES_RECHARGE;LAADPALEN;RECHARGING_TERMINAL;112, Boulevard du Midi;112, Zuidlaan;;;;4.326336000857343;50.834600998527826;50.834600998527826, 4.326336000857343
BORNES_RECHARGE;LAADPALEN;RECHARGING_TERMINAL;52, Quai de l'Industrie;52, Nijverheidskaai;;;;4.299644001651824;50.85577399984678;50.85577399984678, 4.299644001651824
BORNES_RECHARGE;LAADPALEN;RECHARGING_TERMINAL;52, Quai de l'Industrie;52, Nijverheidskaai;;;;4.323818000486135;50.855602003054514;50.855602003054514, 4.323818000486135
BORNES_RECHARGE;LAADPALEN;RECHARGING_TERMINAL;36, Rue de Pavie;36, Paviastraat;Nord-Est;Noord-Oost;Nord-Est / Noord-Oost;4.383436002795105;50.84886300134283;50.84886300134283, 4.383436002795105
BORNES_RECHARGE;LAADPALEN;RECHARGING_TERMINAL;3, Rue de la Rosée;3, Dauwstraat;;;;4.326080001832782;50.847608001752555;50.847608001752555, 4.326080001832782
BORNES_RECHARGE;LAADPALEN;RECHARGING_TERMINAL;8, Chaussée de La Hulpe;8, Terhulpsesteenweg;;;;4.370038996988897;50.79084600337347;50.79084600337347, 4.370038996988897
BORNES_RECHARGE;LAADPALEN;RECHARGING_TERMINAL;51, Boulevard Emile Bockstael;51, Emile Bockstaellaan;Laeken;Laken;Laeken / Laken;4.344966992975934;50.87142900128848;50.87142900128848, 4.344966992975934
BORNES_RECHARGE;LAADPALEN;RECHARGING_TERMINAL;3, Rue de la Rosée;3, Dauwstraat;;;;4.3028189969370745;50.83898800445022;50.83898800445022, 4.3028189969370745
BORNES_RECHARGE;LAADPALEN;RECHARGING_TERMINAL;89, Rue de Laeken;89, Lakensestraat;Pentagone;Vijfhoek;Pentagone / Vijfhoek;4.3517359973696035;50.85359600126197;50.85359600126197, 4.3517359973696035
BORNES_RECHARGE;LAADPALEN;RECHARGING_TERMINAL;150, Boulevard du Midi;150, Zuidlaan;;;;4.3366899952227875;50.824799003366834;50.824799003366834, 4.3366899952227875
BORNES_RECHARGE;LAADPALEN;RECHARGING_TERMINAL;303, Rue du Noyer;303, Notelaarsstraat;;;;4.431506998665345;50.8412399981415;50.8412399981415, 4.431506998665345
BORNES_RECHARGE;LAADPALEN;RECHARGING_TERMINAL;31, Rue Vilain XIIII;31, Vilain XIIII-straat;Louise;Louiza;Louise / Louiza;4.369692000481324;50.823486998096136;50.823486998096136, 4.369692000481324
BORNES_RECHARGE;LAADPALEN;RECHARGING_TERMINAL;12, Parc du Cinquantenaire;12, Jubelpark;;;;4.460157993285658;50.824078998906046;50.824078998906046, 4.460157993285658
BORNES_RECHARGE;LAADPALEN;RECHARGING_TERMINAL;48, Avenue de l'Uruguay;48, Uruguaylaan;;;;4.426744997007745;50.81804099934105;50.81804099934105, 4.426744997007745
